<?xml version="1.0" encoding="UTF-8"?>
<beans xmlns="http://www.springframework.org/schema/beans"
	xmlns:xsi="http://www.w3.org/2001/XMLSchema-instance" xmlns:security="http://www.springframework.org/schema/security"
	xsi:schemaLocation="http://www.springframework.org/schema/beans
                           http://www.springframework.org/schema/beans/spring-beans.xsd
                           http://www.springframework.org/schema/security
                           http://www.springframework.org/schema/security/spring-security-3.1.xsd">

	<security:global-method-security secured-annotations="enabled" />

	<security:http auto-config="true" access-denied-page="/forceLogout" 	create-session="never">
		<!-- Restrict URLs based on role -->
		<!-- .tmp, .old, .arc, .orig, .backup -->
		<security:intercept-url pattern="/**/*.old"	access="ROLE_DUMMY" />
		<security:intercept-url pattern="/**/*.bak"	access="ROLE_DUMMY" />
		<security:intercept-url pattern="/**/*.OLD"	access="ROLE_DUMMY" />
		<security:intercept-url pattern="/**/*.tmp"	access="ROLE_DUMMY" />
		<security:intercept-url pattern="/**/*.arc"	access="ROLE_DUMMY" />
		<security:intercept-url pattern="/**/*.orig" access="ROLE_DUMMY" />
		<security:intercept-url pattern="/**/*.backup" access="ROLE_DUMMY" />
			
		<security:intercept-url pattern="/"	access="IS_AUTHENTICATED_ANONYMOUSLY"/>
		<security:intercept-url pattern="/home"	access="IS_AUTHENTICATED_ANONYMOUSLY"/>

		<security:intercept-url pattern="/resources/**" access="IS_AUTHENTICATED_ANONYMOUSLY" />
		<security:intercept-url pattern="/login" access="IS_AUTHENTICATED_ANONYMOUSLY" />
		<security:intercept-url pattern="/forceLogout" access="IS_AUTHENTICATED_ANONYMOUSLY" />
		<security:intercept-url pattern="/captcha" access="IS_AUTHENTICATED_ANONYMOUSLY" />
		<security:intercept-url pattern="/logout" access="IS_AUTHENTICATED_ANONYMOUSLY" />
		<security:intercept-url pattern="/forgotPassword" access="IS_AUTHENTICATED_ANONYMOUSLY" />
		<security:intercept-url pattern="/forgotPasswordConfirm" access="IS_AUTHENTICATED_ANONYMOUSLY" />
		<security:intercept-url pattern="/forgotPasswordFirst" access="IS_AUTHENTICATED_ANONYMOUSLY" />
		<security:intercept-url pattern="/security-questions" access="IS_AUTHENTICATED_ANONYMOUSLY" />
		<security:intercept-url pattern="/security-question/**" access="IS_AUTHENTICATED_ANONYMOUSLY" />
		<security:intercept-url pattern="/force-change-password" access="IS_AUTHENTICATED_ANONYMOUSLY" />
		<security:intercept-url pattern="/changePassword" access="IS_AUTHENTICATED_ANONYMOUSLY" />

						
		<!-- Override default login and logout pages authentication-failure-url="/login?login_error=1" -->
		<security:form-login login-page="/login" authentication-failure-handler-ref="exceptionTranslationFilter" />
		<security:logout logout-url="/logout" logout-success-url="/login" invalidate-session="true" />
		<security:remember-me key="myAppKey" token-validity-seconds="864000" services-alias="rememberMeService" />
	</security:http>

	<security:authentication-manager alias="authenticationManager">
		<security:authentication-provider user-service-ref="customUserDetailsService">
			<security:password-encoder hash="md5" />
		</security:authentication-provider>
	</security:authentication-manager>

	<bean id="webexpressionHandler" class="org.springframework.security.web.access.expression.DefaultWebSecurityExpressionHandler" />
</beans>