{
     "Countries": [{"name":"China","code":"cn", "currency":"Yuan"}, {"name":"India","code":"in", "currency":"Rs"}, {"name":"Nepal","code":"np", "currency":"Rs"}], 
	 "DefaultCountry": "Nepal",
	 "StateDisplayText":
	 {
		"China": "Province",
		"India": "State",
		"Nepal": "Province"
	 },
     "States": 
     {
		"China": "Anhui Province, Beijing Municipality, Chongqing Municipality, Fujian Province, Guangdong Province, Gansu Province, Guangxi Zhuang Autonomous Region, Guizhou Province, Henan Province, Hubei Province, Hebei Province, Hainan Province, Hong Kong Special Administrative Region, Heilongjiang Province, Hunan Province, Jilin Province, Jiangsu Province, Jiangxi Province, Liaoning Province, Macau Special Administrative Region, Inner Mongolia Autonomous Region, Ningxia Hui Autonomous Region, Qinghai Province, Sichuan Province, Shandong Province, Shanghai Municipality, Shaanxi Province, Shanxi Province, Tianjin Municipality, Taiwan Province, Xinjiang Uyghur Autonomous Region, Tibet Autonomous Region, Yunnan Province, Zhejiang Province",
        "India": "Andhra Pradesh, Arunachal Pradesh, Assam, Bihar, Chhattisgarh, Goa, Gujarat, Haryana, Himachal Pradesh, Jammu and Kashmir, Jharkhand, Karnataka, Kerala, Madhya Pradesh, Maharashtra, Manipur, Meghalaya, Mizoram, Nagaland, Odisha, Punjab, Rajasthan, Sikkim, Tamil Nadu, Telangana, Tripura, Uttar Pradesh, Uttarakhand, West Bengal",
        "Nepal": "Province No. 1, Province No. 2, Province No. 3, Gandaki Pradesh, Province No. 5, Karnali Pradesh, Province No. 7"
     }
 }
